City_ID,City,Lat,Lng,Max Temp,Humidity,Cloudiness,Wind Speed,Country,Date
0,Coihaique,-45.5752,-72.0662,47.01,93,75,0.0,CL,2022-05-12 20:30:54
1,Hobart,-42.8794,147.3294,49.01,94,0,3.44,AU,2022-05-12 20:27:44
2,Krasnyy Yar,46.5331,48.3456,57.13,56,100,12.64,RU,2022-05-12 20:32:11
3,Bluff,-46.6,168.3333,47.8,84,100,11.21,NZ,2022-05-12 20:27:53
4,Albany,42.6001,-73.9662,86.92,36,15,1.01,US,2022-05-12 20:28:12
5,Harbour Breton,47.4833,-55.7983,52.9,66,53,10.87,CA,2022-05-12 20:32:12
6,Fria,10.4167,-13.5833,79.21,75,94,5.12,GN,2022-05-12 20:32:12
7,Teya,60.3778,92.6267,35.13,94,52,2.64,RU,2022-05-12 20:29:59
8,Iqaluit,63.7506,-68.5145,24.53,73,40,19.57,CA,2022-05-12 20:29:39
9,Kapaa,22.0752,-159.319,80.58,78,75,17.27,US,2022-05-12 20:27:50
10,Hermanus,-34.4187,19.2345,61.81,70,11,12.53,ZA,2022-05-12 20:27:56
11,Vaini,-21.2,-175.2,73.56,53,75,12.66,TO,2022-05-12 20:28:16
12,Avarua,-21.2078,-159.775,82.45,83,75,9.22,CK,2022-05-12 20:27:05
13,Matagami,49.7502,-77.6328,57.31,94,100,6.91,CA,2022-05-12 20:30:31
14,Penzance,50.1186,-5.5371,54.28,86,33,15.05,GB,2022-05-12 20:32:14
15,Punta Arenas,-53.15,-70.9167,46.42,81,75,10.36,CL,2022-05-12 20:28:18
16,Flinders,-34.5833,150.8552,66.38,91,100,5.99,AU,2022-05-12 20:30:15
17,Grand-Lahou,5.1367,-5.0242,80.65,82,97,9.6,CI,2022-05-12 20:32:15
18,Rikitea,-23.1203,-134.9692,77.2,78,5,19.1,PF,2022-05-12 20:26:55
19,Jamestown,42.097,-79.2353,82.04,19,0,4.61,US,2022-05-12 20:26:17
20,Port Lincoln,-34.7333,135.8667,59.11,80,100,7.54,AU,2022-05-12 20:28:23
21,Souillac,-20.5167,57.5167,73.78,88,40,3.44,MU,2022-05-12 20:27:58
22,Homer,59.6425,-151.5483,49.05,77,0,11.5,US,2022-05-12 20:32:16
23,Hilo,19.7297,-155.09,83.28,75,0,8.05,US,2022-05-12 20:28:44
24,Mar Del Plata,-38.0023,-57.5575,55.94,71,0,11.99,AR,2022-05-12 20:25:53
25,Bredasdorp,-34.5322,20.0403,56.62,63,0,8.7,ZA,2022-05-12 20:27:56
26,Airai,-8.9266,125.4092,59.54,92,72,0.89,TL,2022-05-12 20:28:57
27,Whitehorse,60.7161,-135.0538,48.97,40,75,2.3,CA,2022-05-12 20:27:55
28,Nordby,55.446,8.3979,51.06,87,75,14.97,DK,2022-05-12 20:32:17
29,Ilulissat,69.2167,-51.1,26.62,59,40,5.75,GL,2022-05-12 20:28:27
30,Tromso,69.6496,18.957,35.62,87,75,5.75,NO,2022-05-12 20:30:28
31,Belgrade,44.804,20.4651,71.26,58,0,4.61,RS,2022-05-12 20:30:03
32,Khatanga,71.9667,102.5,7.2,94,12,9.93,RU,2022-05-12 20:28:45
33,Husavik,66.0449,-17.3389,31.93,97,100,20.04,IS,2022-05-12 20:29:40
34,Fortuna,40.5982,-124.1573,58.08,68,100,9.22,US,2022-05-12 20:29:38
35,Thompson,55.7435,-97.8558,62.76,34,20,5.75,CA,2022-05-12 20:28:01
36,Busselton,-33.65,115.3333,56.37,74,96,19.64,AU,2022-05-12 20:27:41
37,Norman Wells,65.282,-126.8329,53.64,35,20,6.91,CA,2022-05-12 20:27:49
38,Ulagan,50.6321,87.9563,39.45,61,0,1.95,RU,2022-05-12 20:32:20
39,Inhambane,-23.865,35.3833,70.09,74,49,5.82,MZ,2022-05-12 20:29:43
40,Saint-Philippe,-21.3585,55.7679,71.19,76,38,6.96,RE,2022-05-12 20:28:36
41,Aklavik,68.2191,-135.0107,42.8,61,75,5.75,CA,2022-05-12 20:32:21
42,East London,-33.0153,27.9116,65.61,82,0,9.98,ZA,2022-05-12 20:27:57
43,Cherskiy,68.75,161.3,30.38,87,98,11.32,RU,2022-05-12 20:27:48
44,Kudahuvadhoo,2.6708,72.8944,82.44,80,49,17.78,MV,2022-05-12 20:32:22
45,Vostok,46.4856,135.8833,43.88,69,99,1.99,RU,2022-05-12 20:32:22
46,Porto Santo,33.072,-16.3415,66.58,82,20,12.66,PT,2022-05-12 20:32:23
47,Upernavik,72.7868,-56.1549,18.61,82,9,7.92,GL,2022-05-12 20:28:34
48,Eureka,40.8021,-124.1637,60.75,68,100,8.01,US,2022-05-12 20:26:19
49,Port Augusta,-32.5,137.7667,54.45,89,58,2.44,AU,2022-05-12 20:30:31
50,Tasiilaq,65.6145,-37.6368,30.36,60,34,4.25,GL,2022-05-12 20:28:31
51,Torbay,47.6666,-52.7314,63.75,71,75,20.71,CA,2022-05-12 20:30:11
52,Labuhan,-6.8844,112.2051,79.21,86,51,5.21,ID,2022-05-12 20:32:24
53,Atuona,-9.8,-139.0333,79.05,77,15,23.67,PF,2022-05-12 20:27:12
54,Guerrero Negro,27.9769,-114.0611,81.34,27,16,15.03,MX,2022-05-12 20:30:29
55,Aden,12.7794,45.0367,87.04,63,25,5.19,YE,2022-05-12 20:30:01
56,Salalah,17.0151,54.0924,82.0,76,0,4.72,OM,2022-05-12 20:28:55
57,Sitka,57.0531,-135.33,49.89,71,40,8.05,US,2022-05-12 20:28:06
58,Lahaina,20.8783,-156.6825,83.44,68,62,7.45,US,2022-05-12 20:29:08
59,Faanui,-16.4833,-151.75,82.2,69,8,19.53,PF,2022-05-12 20:29:35
60,Pacific Grove,36.6177,-121.9166,68.54,65,0,15.01,US,2022-05-12 20:32:26
61,Pevek,69.7008,170.3133,19.2,93,100,15.08,RU,2022-05-12 20:29:28
62,Esperance,-33.8667,121.9,56.68,89,100,11.01,AU,2022-05-12 20:27:11
63,Cape Town,-33.9258,18.4232,61.21,74,75,14.97,ZA,2022-05-12 20:27:45
64,Ushuaia,-54.8,-68.3,44.26,93,75,2.3,AR,2022-05-12 20:25:24
65,Kahului,20.8947,-156.47,82.42,47,40,21.85,US,2022-05-12 20:26:52
66,Ketchikan,55.3422,-131.6461,48.67,71,100,6.91,US,2022-05-12 20:30:45
67,Ostrovnoy,68.0531,39.5131,40.1,86,19,7.54,RU,2022-05-12 20:32:27
68,Bambous Virieux,-20.3428,57.7575,73.65,88,40,3.44,MU,2022-05-12 20:30:14
69,Tuktoyaktuk,69.4541,-133.0374,42.8,61,100,11.5,CA,2022-05-12 20:28:01
70,Qiongshan,20.0058,110.3542,76.98,100,40,2.24,CN,2022-05-12 20:32:28
71,Mataura,-46.1927,168.8643,47.48,93,99,2.73,NZ,2022-05-12 20:28:22
72,Batemans Bay,-35.7167,150.1833,61.11,94,100,4.23,AU,2022-05-12 20:27:35
73,Yarmouth,41.7057,-70.2286,67.96,85,40,8.05,US,2022-05-12 20:32:29
74,Puerto Ayora,-0.7393,-90.3518,80.56,88,52,1.99,EC,2022-05-12 20:27:43
75,Rayong,12.8333,101.4333,85.8,99,100,2.62,TH,2022-05-12 20:30:48
76,San Quintin,30.4833,-115.95,69.94,37,0,12.41,MX,2022-05-12 20:28:43
77,Dubbo,-32.25,148.6167,60.93,94,100,6.91,AU,2022-05-12 20:32:30
78,Hualmay,-11.0964,-77.6139,69.39,72,35,10.27,PE,2022-05-12 20:29:05
79,Lagoa,39.05,-27.9833,60.17,69,88,12.97,PT,2022-05-12 20:31:28
80,Saskylakh,71.9167,114.0833,10.85,93,57,13.49,RU,2022-05-12 20:27:48
81,Yulara,-25.2406,130.9889,54.23,64,0,7.11,AU,2022-05-12 20:29:52
82,Saldanha,-33.0117,17.9442,50.05,76,85,7.11,ZA,2022-05-12 20:29:02
83,Bubaque,11.2833,-15.8333,77.77,81,9,19.26,GW,2022-05-12 20:30:20
84,Sioux Lookout,50.1001,-91.917,59.07,67,100,9.22,CA,2022-05-12 20:32:31
85,Clyde River,70.4692,-68.5914,28.63,64,0,12.66,CA,2022-05-12 20:28:20
86,Kaitangata,-46.2817,169.8464,45.79,77,78,5.01,NZ,2022-05-12 20:30:01
87,Bilma,18.6853,12.9164,87.93,12,0,11.27,NE,2022-05-12 20:31:17
88,Maues,-3.3836,-57.7186,82.71,80,70,2.3,BR,2022-05-12 20:32:32
89,Pulandian,39.3953,121.9669,54.84,62,100,8.77,CN,2022-05-12 20:32:32
90,Hithadhoo,-0.6,73.0833,83.28,71,100,14.41,MV,2022-05-12 20:22:52
91,Chuy,-33.6971,-53.4616,59.07,63,56,8.05,UY,2022-05-12 20:29:03
92,Umea,63.8284,20.2597,49.93,71,0,11.5,SE,2022-05-12 20:31:39
93,Japura,-0.3167,102.35,72.41,98,100,0.4,ID,2022-05-12 20:29:00
94,Nome,64.5011,-165.4064,38.16,81,75,21.85,US,2022-05-12 20:31:43
95,Aboso,5.3617,-1.9473,76.12,95,100,2.98,GH,2022-05-12 20:32:34
96,Praia Da Vitoria,38.7333,-27.0667,62.85,72,75,9.26,PT,2022-05-12 20:32:35
97,Quatre Cocos,-20.2078,57.7625,73.51,86,20,10.07,MU,2022-05-12 20:30:20
98,Pittsfield,42.4501,-73.2454,84.83,44,75,8.05,US,2022-05-12 20:32:13
99,Castro,-24.7911,-50.0119,63.72,76,3,4.74,BR,2022-05-12 20:28:21
100,Mandalgovi,45.7625,106.2708,35.17,42,0,10.94,MN,2022-05-12 20:32:36
101,Gimli,50.6336,-96.9907,44.62,76,100,14.97,CA,2022-05-12 20:29:55
102,Chokurdakh,70.6333,147.9167,24.12,94,100,9.31,RU,2022-05-12 20:28:33
103,Tessalit,20.1986,1.0114,90.79,7,0,10.49,ML,2022-05-12 20:31:34
104,Yellowknife,62.456,-114.3525,46.92,57,40,10.36,CA,2022-05-12 20:26:56
105,Talnakh,69.4865,88.3972,34.21,98,99,5.06,RU,2022-05-12 20:30:04
106,Dunedin,-45.8742,170.5036,48.79,76,75,5.17,NZ,2022-05-12 20:24:14
107,Butaritari,3.0707,172.7902,81.34,77,100,17.83,KI,2022-05-12 20:27:43
108,New Norfolk,-42.7826,147.0587,48.65,90,1,2.3,AU,2022-05-12 20:27:39
109,Nouadhibou,20.931,-17.0347,69.78,78,10,19.57,MR,2022-05-12 20:28:39
110,Kabare,-2.4683,28.8242,60.98,96,100,0.74,CD,2022-05-12 20:32:38
111,Cabo San Lucas,22.8909,-109.9124,96.62,52,11,6.29,MX,2022-05-12 20:27:39
112,Kinarut,5.8231,116.0466,77.02,94,20,4.61,MY,2022-05-12 20:32:38
113,Samarai,-10.6167,150.6667,81.59,78,98,6.15,PG,2022-05-12 20:31:53
114,Sao Filipe,14.8961,-24.4956,75.27,73,65,10.25,CV,2022-05-12 20:31:03
115,Tuatapere,-46.1333,167.6833,48.36,85,100,3.96,NZ,2022-05-12 20:29:06
116,Ixtapa,20.7,-105.2,94.28,35,60,8.59,MX,2022-05-12 20:30:08
117,Kavieng,-2.5744,150.7967,81.52,73,100,8.55,PG,2022-05-12 20:29:18
118,Oktyabrskiy,54.4815,53.471,40.89,93,96,6.33,RU,2022-05-12 20:32:39
119,Pedra Azul,-16.0053,-41.2972,72.64,40,22,3.04,BR,2022-05-12 20:32:40
120,Lorengau,-2.0226,147.2712,81.91,74,99,6.26,PG,2022-05-12 20:31:10
121,Port Alfred,-33.5906,26.891,62.55,82,0,13.13,ZA,2022-05-12 20:28:02
122,Banda Aceh,5.5577,95.3222,81.0,78,97,11.99,ID,2022-05-12 20:32:41
123,Barrow,71.2906,-156.7887,26.62,80,100,9.22,US,2022-05-12 20:28:38
124,Andros Town,24.7,-77.7667,78.76,60,54,5.35,BS,2022-05-12 20:30:17
125,San Patricio,28.017,-97.5169,92.17,52,0,17.52,US,2022-05-12 20:31:26
126,Issaquah,47.5301,-122.0326,52.79,82,100,4.0,US,2022-05-12 20:31:21
127,Hambantota,6.1241,81.1185,80.31,82,94,16.35,LK,2022-05-12 20:28:08
128,Port Hardy,50.6996,-127.4199,48.38,71,75,4.61,CA,2022-05-12 20:30:06
129,Qaqortoq,60.7167,-46.0333,34.74,88,100,4.03,GL,2022-05-12 20:28:51
130,Galesong,-5.3166,119.3661,75.22,85,78,4.03,ID,2022-05-12 20:32:42
131,Bilyayivka,46.4832,30.2168,59.85,74,3,8.68,UA,2022-05-12 20:32:42
132,Lata,40.1629,-8.3327,60.69,67,19,2.28,PT,2022-05-12 20:29:15
133,Sid,45.1283,19.2264,65.68,62,17,3.44,RS,2022-05-12 20:32:43
134,Kruisfontein,-34.0033,24.7314,54.88,88,6,6.8,ZA,2022-05-12 20:28:59
135,Kailua,21.4022,-157.7394,82.38,64,40,10.36,US,2022-05-12 20:32:44
136,Bardiyah,31.7561,25.0865,66.27,74,89,3.65,LY,2022-05-12 20:29:49
137,Aksarka,66.5606,67.7975,34.63,100,100,3.65,RU,2022-05-12 20:29:01
138,Vestmanna,62.1564,-7.1664,41.92,70,75,18.41,FO,2022-05-12 20:32:44
139,Xingyi,24.1877,102.817,58.42,96,25,1.9,CN,2022-05-12 20:31:29
140,Conde,-7.2597,-34.9075,81.86,78,20,10.36,BR,2022-05-12 20:32:45
141,Saint George,37.1041,-113.5841,70.79,20,0,4.61,US,2022-05-12 20:27:54
142,Volovo,48.5246,23.5056,58.26,97,74,2.46,UA,2022-05-12 20:32:46
143,Pampa,35.5362,-100.9599,98.56,21,0,9.22,US,2022-05-12 20:32:46
144,Moose Factory,51.2585,-80.6094,53.6,82,75,8.05,CA,2022-05-12 20:32:47
145,Port Blair,11.6667,92.75,78.84,94,75,2.3,IN,2022-05-12 20:28:48
146,Srednekolymsk,67.45,153.6833,32.23,87,7,7.2,RU,2022-05-12 20:28:32
147,Nanortalik,60.1432,-45.2371,35.87,75,100,3.13,GL,2022-05-12 20:27:13
148,Nikki,9.9401,3.2108,80.1,70,31,5.21,BJ,2022-05-12 20:32:47
149,Cuiluan,47.72,128.648,37.22,63,55,1.99,CN,2022-05-12 20:32:48
150,Mount Gambier,-37.8333,140.7667,56.52,89,100,2.48,AU,2022-05-12 20:28:30
151,Ahipara,-35.1667,173.1667,51.67,81,40,4.7,NZ,2022-05-12 20:28:07
152,Marawi,7.9986,124.2928,70.41,93,100,2.68,PH,2022-05-12 20:32:49
153,Denpasar,-8.65,115.2167,82.06,94,40,4.61,ID,2022-05-12 20:29:38
154,Ponta Do Sol,32.6667,-17.1,71.01,81,45,3.36,PT,2022-05-12 20:29:07
155,Kodiak,57.79,-152.4072,49.51,57,75,10.36,US,2022-05-12 20:27:00
156,Laguna,38.421,-121.4238,71.89,30,0,9.22,US,2022-05-12 20:32:50
157,Carnarvon,-24.8667,113.6333,64.47,94,75,16.11,AU,2022-05-12 20:28:28
158,Masuguru,-11.3667,38.4167,71.33,66,60,3.0,TZ,2022-05-12 20:32:50
159,Batsfjord,70.6345,29.7185,37.33,80,53,16.11,NO,2022-05-12 20:32:51
160,Abriaqui,6.6315,-76.0644,63.82,86,100,2.13,CO,2022-05-12 20:32:51
161,Korla,41.7597,86.1469,57.7,66,100,17.45,CN,2022-05-12 20:28:32
162,Itarema,-2.9248,-39.9167,78.82,88,56,10.76,BR,2022-05-12 20:30:22
163,Mogzon,51.7435,111.9606,32.72,89,100,3.51,RU,2022-05-12 20:32:52
164,Ribeira Grande,38.5167,-28.7,61.2,67,75,12.66,PT,2022-05-12 20:27:14
165,Hamilton,39.1834,-84.5333,86.76,34,0,6.91,US,2022-05-12 20:27:46
166,Melita,49.2681,-100.9967,58.53,59,100,19.6,CA,2022-05-12 20:32:53
167,Bilibino,68.0546,166.4372,28.13,84,42,4.05,RU,2022-05-12 20:30:23
168,Oksfjord,70.2396,22.3479,37.47,99,100,8.95,NO,2022-05-12 20:32:53
169,Paragominas,-2.9667,-47.4833,75.69,94,76,1.21,BR,2022-05-12 20:32:54
170,Arraial Do Cabo,-22.9661,-42.0278,75.06,69,75,13.8,BR,2022-05-12 20:27:44
171,Zeya,53.75,127.2667,37.2,88,100,2.19,RU,2022-05-12 20:32:54
172,Bara,10.3744,10.7288,89.92,44,36,4.94,NG,2022-05-12 20:32:55
173,Kandrian,-6.2167,149.55,78.94,83,100,6.64,PG,2022-05-12 20:32:55
174,Hokitika,-42.7167,170.9667,51.82,78,100,3.85,NZ,2022-05-12 20:32:56
175,Victoria,22.2855,114.1577,78.94,97,100,1.01,HK,2022-05-12 20:23:47
176,Kedrovyy,56.1667,91.8167,32.41,50,15,3.2,RU,2022-05-12 20:29:31
177,Abnub,27.2696,31.1511,82.62,20,0,14.05,EG,2022-05-12 20:32:57
178,Beruwala,6.4788,79.9828,81.03,83,48,13.65,LK,2022-05-12 20:32:57
179,Coruripe,-10.1256,-36.1756,77.36,80,12,7.49,BR,2022-05-12 20:32:58
180,Peterhead,57.5058,-1.7981,52.45,76,100,18.32,GB,2022-05-12 20:32:58
181,Alice Springs,-23.7,133.8833,44.15,76,38,0.0,AU,2022-05-12 20:30:36
182,Dikson,73.5069,80.5464,13.82,92,98,6.15,RU,2022-05-12 20:28:22
183,Sao Gabriel Da Cachoeira,-0.1303,-67.0892,83.77,76,39,1.86,BR,2022-05-12 20:30:17
184,Provideniya,64.3833,-173.3,37.51,81,20,4.47,RU,2022-05-12 20:29:12
185,Egvekinot,66.3167,-179.1667,25.99,88,95,2.64,RU,2022-05-12 20:29:30
186,Santiago Del Estero,-27.7951,-64.2615,78.13,40,14,13.91,AR,2022-05-12 20:28:50
187,Kitimat,54.0524,-128.6534,47.91,55,100,2.8,CA,2022-05-12 20:32:59
188,Beloha,-25.1667,45.05,63.3,85,4,8.34,MG,2022-05-12 20:31:11
189,Huarmey,-10.0681,-78.1522,69.42,76,22,10.69,PE,2022-05-12 20:33:00
190,Codrington,-38.2667,141.9667,55.58,91,91,4.65,AU,2022-05-12 20:29:58
191,Margate,51.3813,1.3862,55.69,74,22,4.0,GB,2022-05-12 20:33:01
192,Athni,16.7333,75.0667,77.09,81,94,14.9,IN,2022-05-12 20:33:01
193,Tabas,33.5959,56.9244,82.62,10,0,6.91,IR,2022-05-12 20:33:02
194,Atar,20.5169,-13.0499,97.59,15,15,12.17,MR,2022-05-12 20:28:03
195,Tilichiki,60.4667,166.1,31.78,93,100,4.47,RU,2022-05-12 20:29:51
196,Alugan,12.2188,125.4808,79.79,83,91,4.07,PH,2022-05-12 20:33:03
197,Lillehammer,61.1146,10.4674,41.56,67,24,4.36,NO,2022-05-12 20:33:03
198,Corvallis,44.5646,-123.262,50.76,86,100,17.27,US,2022-05-12 20:33:04
199,Richards Bay,-28.783,32.0377,70.7,83,1,10.63,ZA,2022-05-12 20:31:55
200,Nikolskoye,59.7035,30.7861,46.29,85,100,11.92,RU,2022-05-12 20:27:47
201,Praia,14.9215,-23.5087,82.94,42,0,21.85,CV,2022-05-12 20:30:23
202,Frederico Westphalen,-27.3592,-53.3944,57.43,83,0,1.79,BR,2022-05-12 20:33:05
203,Wloclawek,52.6482,19.0678,53.53,70,92,3.53,PL,2022-05-12 20:33:06
204,Baherden,38.4362,57.4316,69.24,58,100,13.47,TM,2022-05-12 20:33:06
205,Boa Vista,2.8197,-60.6733,85.98,62,75,10.36,BR,2022-05-12 20:33:07
206,Paracuru,-3.41,-39.0306,82.11,89,30,9.69,BR,2022-05-12 20:33:08
207,Abashiri,44.0213,144.2697,50.95,79,48,2.15,JP,2022-05-12 20:33:08
208,Luangwa,-15.6167,30.4167,68.49,67,0,2.35,ZM,2022-05-12 20:33:09
209,Tiksi,71.6872,128.8694,13.33,88,10,9.95,RU,2022-05-12 20:28:24
210,Grindavik,63.8424,-22.4338,42.75,65,40,16.11,IS,2022-05-12 20:29:14
211,Booue,-0.0921,11.9385,76.15,86,48,1.57,GA,2022-05-12 20:33:10
212,Portland,45.5234,-122.6762,52.38,84,100,17.0,US,2022-05-12 20:32:52
213,Nelson Bay,-32.7167,152.15,67.08,99,100,19.57,AU,2022-05-12 20:33:10
214,Salinas,36.6777,-121.6555,70.99,53,0,14.97,US,2022-05-12 20:33:11
215,Stornoway,58.2093,-6.3865,48.92,91,75,14.97,GB,2022-05-12 20:33:11
216,Longyearbyen,78.2186,15.6401,19.24,58,0,13.8,SJ,2022-05-12 20:23:54
217,Komsomolskiy,40.4272,71.7189,68.72,52,100,2.3,UZ,2022-05-12 20:29:11
218,Horsham,51.064,-0.3272,57.25,76,0,6.91,GB,2022-05-12 20:33:12
219,Moron,-34.6534,-58.6198,60.96,69,9,6.35,AR,2022-05-12 20:33:13
220,Lishu,43.3047,124.3278,44.4,37,74,3.31,CN,2022-05-12 20:33:13
221,Shimoda,34.6667,138.95,66.16,98,100,4.7,JP,2022-05-12 20:33:14
222,Ngama,11.7833,17.1667,98.46,25,93,8.32,TD,2022-05-12 20:33:14
223,Tottori,35.5,134.2333,64.15,97,100,1.48,JP,2022-05-12 20:33:15
224,Yar-Sale,66.8333,70.8333,34.72,100,100,3.96,RU,2022-05-12 20:27:55
225,Qaanaaq,77.484,-69.3632,18.28,73,21,2.59,GL,2022-05-12 20:27:42
226,Mongoumba,3.6415,18.5936,74.66,75,28,1.66,CF,2022-05-12 20:33:16
227,Mocajuba,-2.5842,-49.5072,76.17,96,87,2.77,BR,2022-05-12 20:33:16
228,Alofi,-19.0595,-169.9187,76.89,88,100,6.91,NU,2022-05-12 20:30:45
229,Cabedelo,-6.9811,-34.8339,83.07,82,16,11.21,BR,2022-05-12 20:31:47
230,Soure,-0.7167,-48.5233,77.9,87,100,7.29,BR,2022-05-12 20:33:17
231,Chumikan,54.7183,135.315,32.49,99,100,0.76,RU,2022-05-12 20:31:26
232,Lebu,-37.6167,-73.65,55.0,82,94,6.67,CL,2022-05-12 20:30:33
233,Nampula,-15.1165,39.2666,69.75,83,75,5.75,MZ,2022-05-12 20:33:18
234,Aksu,41.1231,80.2644,65.35,45,100,1.5,CN,2022-05-12 20:33:19
235,Gizo,-8.103,156.8419,82.49,73,97,5.57,SB,2022-05-12 20:30:59
236,Hofn,64.2539,-15.2082,40.55,58,92,15.17,IS,2022-05-12 20:33:20
237,Benghazi,32.1167,20.0667,66.2,63,23,15.01,LY,2022-05-12 20:33:20
238,Makaryev,57.8797,43.8069,43.02,84,51,12.44,RU,2022-05-12 20:33:21
239,Port Elizabeth,-33.918,25.5701,60.31,90,20,8.05,ZA,2022-05-12 20:29:19
240,Berbera,10.4396,45.0143,87.1,53,100,4.36,SO,2022-05-12 20:33:21
241,Golden,39.7555,-105.2211,73.71,10,0,23.02,US,2022-05-12 20:33:22
242,Amahai,-3.3333,128.9167,78.89,85,96,3.53,ID,2022-05-12 20:33:22
243,Serchhip,23.3,92.8333,64.58,99,90,1.99,IN,2022-05-12 20:33:23
244,Olafsvik,64.8945,-23.7142,35.69,73,96,28.25,IS,2022-05-12 20:33:24
245,Nago,26.5881,127.9761,79.65,90,100,11.77,JP,2022-05-12 20:33:24
246,Severo-Kurilsk,50.6789,156.125,39.81,92,76,4.09,RU,2022-05-12 20:27:40
247,Hasaki,35.7333,140.8333,64.8,97,100,9.55,JP,2022-05-12 20:31:11
248,Meulaboh,4.1363,96.1285,78.15,84,100,3.96,ID,2022-05-12 20:29:34
249,Caucaia,-3.7361,-38.6531,82.35,76,20,11.5,BR,2022-05-12 20:33:25
250,Barao De Melgaco,-16.1944,-55.9675,84.51,48,88,2.21,BR,2022-05-12 20:33:26
251,Nhulunbuy,-12.2333,136.7667,74.01,94,39,0.0,AU,2022-05-12 20:33:26
252,Aban,56.67,96.06,45.82,46,73,4.23,RU,2022-05-12 20:33:27
253,Esmeraldas,-19.7625,-44.3139,78.04,59,100,2.26,BR,2022-05-12 20:31:24
254,Luderitz,-26.6481,15.1594,55.51,80,3,12.75,NA,2022-05-12 20:29:49
255,Yatou,37.15,122.3833,55.51,62,89,11.18,CN,2022-05-12 20:33:28
256,Bengkulu,-3.8004,102.2655,75.83,87,100,2.73,ID,2022-05-12 20:31:45
257,Polunochnoye,60.8697,60.4153,44.29,69,90,2.55,RU,2022-05-12 20:33:28
258,Cocobeach,1.0002,9.5823,80.64,83,100,6.53,GA,2022-05-12 20:33:29
259,Cessnock,-32.8333,151.35,66.13,98,100,2.64,AU,2022-05-12 20:29:35
260,Mackenzie,55.2999,-123.1698,53.82,37,100,13.8,CA,2022-05-12 20:33:30
261,Sorland,67.667,12.6934,44.46,90,99,9.37,NO,2022-05-12 20:31:13
262,Talisay,10.2447,123.8494,80.62,89,20,4.61,PH,2022-05-12 20:33:30
263,Tafo,6.7345,-1.6127,73.78,95,94,5.14,GH,2022-05-12 20:33:31
264,Golubitskaya,45.3222,37.2822,48.61,78,81,17.29,RU,2022-05-12 20:33:31
265,Baykit,61.67,96.37,34.41,97,78,0.74,RU,2022-05-12 20:32:20
266,Calama,-22.4667,-68.9333,70.29,11,0,20.71,CL,2022-05-12 20:33:32
267,Dandong,40.1292,124.3947,51.93,61,100,4.68,CN,2022-05-12 20:33:33
268,Sola,-13.8833,167.55,75.65,89,100,12.8,VU,2022-05-12 20:31:07
269,Bani,18.2833,-70.3333,83.86,73,100,8.77,DO,2022-05-12 20:30:14
270,Kimbe,-5.5502,150.1429,77.16,91,100,2.48,PG,2022-05-12 20:33:33
271,Zonguldak,41.25,31.8333,47.53,76,0,5.12,TR,2022-05-12 20:33:34
272,Zorritos,-3.6805,-80.6782,82.69,73,16,12.39,PE,2022-05-12 20:33:34
273,Bethel,41.3712,-73.414,81.66,62,40,6.91,US,2022-05-12 20:27:47
274,Acapulco,16.8634,-99.8901,91.22,58,0,12.66,MX,2022-05-12 20:27:04
275,Marquette,46.5333,-87.6335,62.82,72,94,6.04,US,2022-05-12 20:33:35
276,North Platte,41.1239,-100.7654,88.38,27,0,20.0,US,2022-05-12 20:33:35
277,Platteville,42.7342,-90.4785,93.76,40,40,21.85,US,2022-05-12 20:33:36
278,Hami,42.8,93.45,60.19,18,66,24.79,CN,2022-05-12 20:29:51
279,Wanning,18.8003,110.3967,79.88,91,80,7.38,CN,2022-05-12 20:33:37
280,Chipinge,-20.1883,32.6236,55.56,92,4,4.27,ZW,2022-05-12 20:33:37
281,Mgarr,36.0253,14.295,67.03,74,0,3.44,MT,2022-05-12 20:33:38
282,Kyra,49.5776,111.9753,33.48,89,97,5.3,RU,2022-05-12 20:33:39
283,Kloulklubed,7.0419,134.2556,83.55,78,100,11.81,PW,2022-05-12 20:30:17
284,Kalmunai,7.4167,81.8167,80.46,74,100,5.39,LK,2022-05-12 20:29:42
285,Upata,8.0086,-62.3989,78.48,77,77,6.73,VE,2022-05-12 20:33:39
286,Constitucion,-35.3333,-72.4167,54.77,92,100,2.01,CL,2022-05-12 20:25:56
287,Noumea,-22.2763,166.4572,73.99,99,100,16.04,NC,2022-05-12 20:30:12
288,Cairns,-16.9167,145.7667,74.07,97,75,4.61,AU,2022-05-12 20:32:28
289,Imeni Poliny Osipenko,52.4201,136.4853,35.28,75,87,2.28,RU,2022-05-12 20:33:40
290,Abay,49.6311,72.8539,39.58,50,6,6.13,KZ,2022-05-12 20:33:41
291,Maumere,-8.6199,122.2111,79.21,79,43,2.3,ID,2022-05-12 20:33:41
292,Bandarbeyla,9.4942,50.8122,81.61,87,97,15.39,SO,2022-05-12 20:30:13
293,Sylling,59.8952,10.2792,52.12,54,52,5.86,NO,2022-05-12 20:33:42
294,Rustenburg,-25.6676,27.2421,61.36,43,0,3.49,ZA,2022-05-12 20:33:42
295,Banamba,13.55,-7.45,93.15,10,84,7.92,ML,2022-05-12 20:33:43
296,Atambua,-9.1061,124.8925,72.48,88,51,2.71,ID,2022-05-12 20:33:43
297,Pierre,44.3683,-100.351,78.85,64,20,5.99,US,2022-05-12 20:33:44
298,Kyren,51.6828,102.1408,38.17,50,0,1.79,RU,2022-05-12 20:31:18
299,Monrovia,6.3005,-10.7969,79.21,85,98,10.07,LR,2022-05-12 20:33:44
300,Asuncion Mita,14.3308,-89.7108,99.25,35,0,10.27,GT,2022-05-12 20:33:45
301,Mushie,-3.0167,16.9,72.63,94,83,1.77,CD,2022-05-12 20:33:46
302,Angoram,-4.0625,144.0661,74.3,96,79,1.16,PG,2022-05-12 20:33:46
303,Kununurra,-15.7667,128.7333,67.98,94,40,4.61,AU,2022-05-12 20:33:47
304,Virginia Beach,36.8529,-75.978,62.06,92,100,13.8,US,2022-05-12 20:31:33
305,Ponta Delgada,37.7333,-25.6667,63.32,59,20,12.66,PT,2022-05-12 20:29:45
306,Te Anau,-45.4167,167.7167,46.26,91,100,2.42,NZ,2022-05-12 20:28:00
307,Socorro,31.6546,-106.3033,91.06,8,20,18.41,US,2022-05-12 20:33:47
308,Jalu,29.0331,21.5482,70.25,65,9,9.46,LY,2022-05-12 20:31:56
309,Ofaqim,31.3141,34.6203,65.32,61,29,5.17,IL,2022-05-12 20:33:48
310,Makungu,-8.7333,35.2833,58.51,94,82,2.19,TZ,2022-05-12 20:33:48
311,Kaabong,3.4836,34.1492,68.81,56,17,10.98,UG,2022-05-12 20:33:49
312,Mosquera,4.7059,-74.2302,64.49,77,40,10.36,CO,2022-05-12 20:33:49
313,Nabire,-3.3667,135.4833,75.15,90,98,3.06,ID,2022-05-12 20:33:50
314,Georgetown,5.4112,100.3354,83.95,92,40,10.36,MY,2022-05-12 20:29:26
315,Taltal,-25.4,-70.4833,64.38,70,24,2.86,CL,2022-05-12 20:30:50
316,Isangel,-19.55,169.2667,74.52,62,100,20.11,VU,2022-05-12 20:28:30
317,Nchelenge,-9.3451,28.734,68.09,66,7,4.25,ZM,2022-05-12 20:33:51
318,Venezuela,8.0,-66.0,96.31,31,49,14.83,VE,2022-05-12 20:33:51
319,Ihlow,51.8833,13.3333,55.47,66,40,0.0,DE,2022-05-12 20:33:52
320,Vila Velha,-20.3297,-40.2925,78.75,78,20,12.66,BR,2022-05-12 20:28:19
321,Sinazongwe,-17.2614,27.4618,72.1,46,0,2.95,ZM,2022-05-12 20:33:52
322,Worland,44.0169,-107.9554,47.88,85,100,19.57,US,2022-05-12 20:33:53
323,Brae,60.3964,-1.353,47.71,87,100,22.06,GB,2022-05-12 20:30:25
324,Katsina,12.9894,7.6006,92.44,29,86,4.5,NG,2022-05-12 20:33:53
325,Fairbanks,64.8378,-147.7164,44.1,75,75,5.75,US,2022-05-12 20:25:02
326,Ayan,56.45,138.1667,32.47,99,100,23.06,RU,2022-05-12 20:31:12
327,Bereda,43.2686,-7.5406,55.58,94,98,5.32,ES,2022-05-12 20:33:54
328,Mabaruma,8.2,-59.7833,76.51,94,6,6.62,GY,2022-05-12 20:33:55
329,Lasa,46.6166,10.7002,67.08,94,81,2.33,IT,2022-05-12 20:31:42
330,Mount Darwin,-16.7725,31.5838,61.48,73,3,2.91,ZW,2022-05-12 20:33:55
331,Oxford,51.7522,-1.256,55.26,62,0,10.36,GB,2022-05-12 20:30:00
332,Bolshoye Nagatkino,54.5196,47.9679,40.82,89,65,6.96,RU,2022-05-12 20:33:56
333,Tautira,-17.7333,-149.15,80.94,71,33,18.37,PF,2022-05-12 20:29:56
334,Bathsheba,13.2167,-59.5167,84.81,70,40,21.85,BB,2022-05-12 20:29:20
335,Oussouye,12.485,-16.5469,82.58,77,9,10.56,SN,2022-05-12 20:33:56
336,Coquimbo,-29.9533,-71.3436,58.73,77,0,6.91,CL,2022-05-12 20:28:26
337,Namibe,-15.1961,12.1522,72.84,72,2,5.88,AO,2022-05-12 20:30:12
338,Kenai,60.5544,-151.2583,54.03,69,0,9.22,US,2022-05-12 20:33:57
339,Nalut,30.3333,10.85,64.89,41,9,11.43,LY,2022-05-12 20:33:58
340,Khani,41.9563,42.9566,38.77,91,18,3.44,GE,2022-05-12 20:29:48
341,Batticaloa,7.7102,81.6924,81.34,71,98,1.32,LK,2022-05-12 20:33:58
342,Maracacume,-2.0428,-45.9592,75.74,95,95,3.96,BR,2022-05-12 20:33:59
343,Buraydah,26.326,43.975,82.85,12,0,12.15,SA,2022-05-12 20:30:41
344,Cap Malheureux,-19.9842,57.6142,73.47,82,14,1.99,MU,2022-05-12 20:28:10
345,Geraldton,-28.7667,114.6,54.01,94,100,9.22,AU,2022-05-12 20:31:17
346,Prosvet,55.5703,65.0825,50.4,46,80,6.06,RU,2022-05-12 20:34:00
347,Batagay-Alyta,67.8006,130.4114,25.05,89,99,5.12,RU,2022-05-12 20:34:00
348,Vanimo,-2.6741,141.3028,77.2,91,99,4.61,PG,2022-05-12 20:34:01
349,Abilene,32.4487,-99.7331,98.82,25,0,23.02,US,2022-05-12 20:34:01
350,Vieux-Habitants,16.0589,-61.7659,81.97,73,82,16.13,GP,2022-05-12 20:34:02
351,Vestmannaeyjar,63.4427,-20.2734,42.13,59,40,16.58,IS,2022-05-12 20:29:23
352,Zolotkovo,55.5281,41.1053,55.18,97,100,16.04,RU,2022-05-12 20:34:02
353,Loubomo,-4.1997,12.6739,72.97,97,100,3.78,CG,2022-05-12 20:34:03
354,Xining,36.6167,101.7667,42.51,80,100,3.87,CN,2022-05-12 20:31:39
355,Zhezkazgan,47.8043,67.7144,59.05,38,7,8.25,KZ,2022-05-12 20:34:04
356,Great Falls,47.5002,-111.3008,52.59,69,100,11.5,US,2022-05-12 20:30:37
357,Port Hedland,-20.3167,118.5667,68.05,88,40,5.75,AU,2022-05-12 20:30:59
358,Herouville-Saint-Clair,49.2109,-0.3065,54.36,76,0,3.44,FR,2022-05-12 20:34:05
359,Vaitape,-16.5167,-151.75,82.24,67,5,18.7,PF,2022-05-12 20:34:05
360,Puerto Carreno,6.189,-67.4859,89.58,66,40,6.91,CO,2022-05-12 20:34:06
361,Tunceli,39.1083,39.5471,49.86,65,2,6.31,TR,2022-05-12 20:34:06
362,Armizonskoye,55.9461,67.6736,51.51,42,91,4.18,RU,2022-05-12 20:34:07
363,Caravelas,-17.7125,-39.2481,76.19,83,2,7.63,BR,2022-05-12 20:31:52
364,Tiznit,29.5833,-9.5,67.41,63,0,4.21,MA,2022-05-12 20:30:52
365,Bad Sachsa,51.595,10.5555,56.37,69,100,1.81,DE,2022-05-12 20:34:08
366,Asau,46.4333,26.4,67.12,81,0,6.62,RO,2022-05-12 20:28:41
367,Kamuli,0.9472,33.1197,65.01,95,57,2.73,UG,2022-05-12 20:34:09
368,Bolu,40.6667,31.5833,48.69,64,0,3.09,TR,2022-05-12 20:34:09
369,Ballina,-28.8667,153.5667,69.78,87,100,17.58,AU,2022-05-12 20:30:54
370,Kushiro,42.975,144.3747,47.21,98,100,3.33,JP,2022-05-12 20:34:10
371,Zyryanka,65.75,150.85,37.31,75,2,13.31,RU,2022-05-12 20:34:11
372,Saint Anthony,45.0205,-93.218,83.08,65,0,17.27,US,2022-05-12 20:34:12
373,Gamba,-2.65,10.0,77.49,89,100,5.61,GA,2022-05-12 20:34:12
374,Naica,27.85,-105.4833,96.62,8,0,8.23,MX,2022-05-12 20:34:13
375,Rudbar,30.15,62.6,86.7,9,0,5.79,AF,2022-05-12 20:34:13
376,Mahebourg,-20.4081,57.7,73.69,88,40,3.44,MU,2022-05-12 20:28:48
377,Knysna,-34.0363,23.0471,56.43,82,1,6.44,ZA,2022-05-12 20:34:14
378,Heze,35.2431,115.4411,54.3,75,100,8.97,CN,2022-05-12 20:34:15
379,Luau,-10.7073,22.2247,67.8,64,33,4.36,AO,2022-05-12 20:34:15
380,Monywa,22.1167,95.1333,82.76,65,12,10.02,MM,2022-05-12 20:34:16
381,Sinnamary,5.3833,-52.95,79.12,85,9,12.19,GF,2022-05-12 20:30:58
382,Kamen-Na-Obi,53.7884,81.3423,55.13,34,100,2.77,RU,2022-05-12 20:34:16
383,Bhagalpur,25.25,87.0,86.31,66,0,5.88,IN,2022-05-12 20:34:17
384,Riyadh,24.6877,46.7219,84.34,13,0,8.43,SA,2022-05-12 20:33:53
385,Basoko,1.2391,23.616,74.84,85,21,2.04,CD,2022-05-12 20:34:18
386,San Miguel,13.4833,-88.1833,96.4,48,20,8.05,SV,2022-05-12 20:34:18
387,Waw,7.7029,27.9953,75.58,73,100,4.43,SS,2022-05-12 20:34:19
388,Havre,49.5833,0.3333,51.57,82,100,6.91,FR,2022-05-12 20:34:19
389,Awjilah,29.1081,21.2869,71.11,64,7,7.76,LY,2022-05-12 20:30:59
390,Lompoc,34.6391,-120.4579,80.69,52,0,21.99,US,2022-05-12 20:31:36
391,Gummidipundi,13.4,80.15,80.6,82,100,12.64,IN,2022-05-12 20:34:20
392,Russell,32.3502,-85.1999,87.03,39,0,14.97,US,2022-05-12 20:30:07
393,Chingirlau,51.095,54.0814,42.96,94,59,12.97,KZ,2022-05-12 20:34:21
394,Naushki,50.3828,106.1056,40.77,50,2,5.01,RU,2022-05-12 20:34:21
395,Paysandu,-32.3214,-58.0756,54.79,68,2,6.13,UY,2022-05-12 20:32:26
396,Opuwo,-18.0607,13.84,65.01,25,0,7.02,NA,2022-05-12 20:34:22
397,Jurm,36.8648,70.8342,61.99,53,8,3.44,AF,2022-05-12 20:30:38
398,Talcahuano,-36.7167,-73.1167,56.88,82,40,3.44,CL,2022-05-12 20:34:23
399,Cockburn Town,21.4612,-71.1419,80.02,79,100,12.86,TC,2022-05-12 20:31:31
400,Birjand,32.8663,59.2211,59.47,11,0,6.91,IR,2022-05-12 20:34:23
401,Vardo,70.3705,31.1107,35.58,80,0,10.36,NO,2022-05-12 20:29:54
402,Rabo De Peixe,37.8,-25.5833,62.11,59,20,12.66,PT,2022-05-12 20:34:24
403,Andenes,69.3143,16.1194,37.38,87,20,11.5,NO,2022-05-12 20:28:40
404,Lapas,38.1,21.4167,67.19,82,20,5.75,GR,2022-05-12 20:34:24
405,Ostersund,63.1792,14.6357,39.65,81,0,6.91,SE,2022-05-12 20:30:55
406,Tambo,-14.8,-73.9167,45.09,51,79,7.4,PE,2022-05-12 20:34:25
407,Kavaratti,10.5669,72.642,84.36,69,100,8.86,IN,2022-05-12 20:31:04
408,Katsuura,35.1333,140.3,67.24,98,100,6.49,JP,2022-05-12 20:29:53
409,Araouane,18.9048,-3.5265,91.08,8,11,11.59,ML,2022-05-12 20:34:26
410,Pascagoula,30.3658,-88.5561,89.04,47,40,5.75,US,2022-05-12 20:34:26
411,Chiungutwa,-10.8833,38.9833,67.73,85,63,3.49,TZ,2022-05-12 20:34:27
412,Padang,-0.9492,100.3543,78.49,78,100,4.18,ID,2022-05-12 20:32:15
413,Leningradskiy,69.3833,178.4167,21.76,80,20,6.06,RU,2022-05-12 20:28:28
414,Manokwari,-0.8667,134.0833,80.58,80,94,10.85,ID,2022-05-12 20:34:28
415,Arlit,18.7369,7.3853,89.6,10,0,12.86,NE,2022-05-12 20:32:02
416,Saint-Denis,48.9167,2.3333,63.14,58,0,5.75,FR,2022-05-12 20:34:28
417,Mumbwa,-14.9783,27.0619,63.99,55,28,3.87,ZM,2022-05-12 20:34:29
418,Cayenne,4.9333,-52.3333,84.24,2,75,13.8,GF,2022-05-12 20:30:06
419,Neiafu,-18.65,-173.9833,74.08,88,75,6.91,TO,2022-05-12 20:34:29
420,Chinsali,-10.5414,32.0816,58.53,73,0,5.23,ZM,2022-05-12 20:34:30
421,Ndele,8.4109,20.6473,72.7,89,100,3.47,CF,2022-05-12 20:34:30
422,Pachino,36.7186,15.0907,63.75,68,1,6.35,IT,2022-05-12 20:34:31
423,Labytnangi,66.6572,66.4183,33.84,100,100,1.77,RU,2022-05-12 20:27:41
424,Los Alamos,35.8881,-106.307,72.68,3,0,17.27,US,2022-05-12 20:29:39
425,Chepareria,1.3077,35.2039,61.99,66,68,4.72,KE,2022-05-12 20:34:32
426,Itoman,26.1247,127.6694,79.57,96,75,12.66,JP,2022-05-12 20:34:32
427,Kyshtovka,56.555,76.6271,53.46,58,60,4.68,RU,2022-05-12 20:34:32
428,Berkakit,56.5807,124.7681,26.83,97,100,4.41,RU,2022-05-12 20:34:33
429,Tupiza,-21.45,-65.7167,66.79,7,0,15.5,BO,2022-05-12 20:34:33
430,Gao,16.6362,1.637,92.93,6,1,8.46,ML,2022-05-12 20:31:33
431,Ribeira Brava,32.65,-17.0667,71.01,82,56,1.72,PT,2022-05-12 20:34:34
432,Namatanai,-3.6667,152.4333,79.99,82,95,5.21,PG,2022-05-12 20:34:34
433,Tungor,53.3808,142.9564,33.8,97,100,6.2,RU,2022-05-12 20:34:35
434,Santa Cruz Cabralia,-16.2781,-39.0247,80.83,74,0,11.5,BR,2022-05-12 20:34:36
435,Kaniama,-7.5667,24.1833,71.62,64,66,3.49,CD,2022-05-12 20:34:36
436,Zhigansk,66.7697,123.3711,32.31,97,100,10.94,RU,2022-05-12 20:29:21
437,Uren,57.4552,45.7852,41.94,85,69,9.91,RU,2022-05-12 20:34:37
438,Abdulino,53.7,53.6667,41.41,95,100,10.65,RU,2022-05-12 20:34:37
439,Yichun,47.7,128.9,35.13,65,41,2.08,CN,2022-05-12 20:34:38
440,Los Llanos De Aridane,28.6585,-17.9182,65.95,87,75,12.66,ES,2022-05-12 20:34:38
441,Aripuana,-9.1667,-60.6333,84.42,64,68,2.13,BR,2022-05-12 20:34:39
442,Franca,-20.5386,-47.4008,66.83,63,89,2.17,BR,2022-05-12 20:34:39
443,Odweyne,9.4092,45.064,80.92,28,29,7.16,SO,2022-05-12 20:34:40
444,Omboue,-1.5746,9.2618,77.58,90,86,6.44,GA,2022-05-12 20:28:05
445,Goderich,43.7501,-81.7165,75.52,38,100,9.22,CA,2022-05-12 20:32:04
446,Reyes,-14.3167,-67.3833,87.76,55,20,4.61,BO,2022-05-12 20:34:40
447,Brotas,-22.2842,-48.1267,66.25,66,2,2.86,BR,2022-05-12 20:34:41
448,Bonavista,48.6499,-53.1147,41.18,86,9,16.93,CA,2022-05-12 20:34:41
449,Kilindoni,-7.9139,39.6668,80.92,72,22,18.03,TZ,2022-05-12 20:29:48
450,Santa Marta,11.2408,-74.199,86.9,70,75,6.91,CO,2022-05-12 20:34:42
451,Puerto Escondido,15.85,-97.0667,88.63,62,40,8.05,MX,2022-05-12 20:34:43
452,Tianpeng,30.9866,103.9393,70.27,90,100,2.73,CN,2022-05-12 20:34:33
453,Dingle,10.9995,122.6711,77.65,86,100,4.7,PH,2022-05-12 20:29:45
454,Sangin,32.0728,64.8359,78.35,8,0,3.36,AF,2022-05-12 20:30:26
455,Barcelos,41.5388,-8.6151,68.92,74,87,2.06,PT,2022-05-12 20:30:49
456,San Carlos,9.6612,-68.5827,92.19,39,72,1.97,VE,2022-05-12 20:34:44
457,Fukuma,33.7667,130.4667,68.0,97,100,5.84,JP,2022-05-12 20:34:44
458,Moi,58.4567,6.5518,45.39,96,89,5.39,NO,2022-05-12 20:34:45
459,Honningsvag,70.9821,25.9704,35.35,93,100,14.97,NO,2022-05-12 20:34:45
460,Lauria,40.0465,15.8358,56.44,85,58,0.43,IT,2022-05-12 20:34:46
461,Marzuq,14.4,46.4667,77.25,28,76,2.8,YE,2022-05-12 20:34:46
462,Marsh Harbour,26.5412,-77.0636,75.97,64,34,3.15,BS,2022-05-12 20:28:50
463,Lai,9.3952,16.2989,89.89,40,100,7.02,TD,2022-05-12 20:34:47
464,Shache,38.4167,77.2406,72.72,44,100,14.81,CN,2022-05-12 20:31:50
465,Emborion,40.4833,21.55,55.76,76,48,1.19,GR,2022-05-12 20:34:47
466,Narsaq,60.9167,-46.05,44.82,88,100,1.1,GL,2022-05-12 20:29:14
467,Nishihara,26.1842,127.7558,78.85,97,75,13.8,JP,2022-05-12 20:31:25
468,Dharchula,29.85,80.5333,68.22,68,58,5.37,IN,2022-05-12 20:34:48
469,Altay,47.8667,88.1167,50.83,34,0,7.58,CN,2022-05-12 20:34:49
470,Muisne,0.6,-80.0333,79.18,80,74,9.22,EC,2022-05-12 20:34:49
471,Praya,14.9215,-23.5087,82.94,42,0,21.85,CV,2022-05-12 20:34:50
472,Puerto Lleras,3.0223,-73.4044,82.96,72,94,1.81,CO,2022-05-12 20:34:50
473,Etaples,50.5219,1.6332,53.47,82,0,10.36,FR,2022-05-12 20:34:51
474,Port Shepstone,-30.7414,30.455,66.65,83,0,8.63,ZA,2022-05-12 20:34:51
475,Urucara,-2.5364,-57.76,80.89,86,11,3.22,BR,2022-05-12 20:34:52
476,Tsiroanomandidy,-18.7667,46.0333,60.73,67,0,2.91,MG,2022-05-12 20:34:52
477,Garissa,-0.4536,39.6401,76.93,74,99,16.26,KE,2022-05-12 20:33:33
478,Trinidad,-14.8333,-64.9,85.98,58,20,4.61,BO,2022-05-12 20:34:53
479,Clearwater,27.9659,-82.8001,84.22,54,0,14.0,US,2022-05-12 20:34:53
480,Kashi,39.4547,75.9797,60.01,67,40,11.18,CN,2022-05-12 20:34:54
481,Ambanja,-13.6833,48.45,72.64,91,15,3.06,MG,2022-05-12 20:34:54
482,Helong,42.5397,128.9972,39.43,91,92,3.8,CN,2022-05-12 20:29:31
483,Kenora,49.8167,-94.4337,61.77,67,75,18.41,CA,2022-05-12 20:34:55
484,Hernani,43.2662,-1.9762,61.21,88,100,3.0,ES,2022-05-12 20:34:55
485,Elko,41.0002,-115.5012,57.74,30,100,15.99,US,2022-05-12 20:34:56
486,Smidovich,48.6,133.8167,45.66,61,30,3.53,RU,2022-05-12 20:34:56
487,Yakima,46.4665,-120.6678,55.85,60,100,10.36,US,2022-05-12 20:31:05
488,Voh,-20.9667,164.7,72.99,65,100,10.11,NC,2022-05-12 20:34:57
489,Balabac,7.9868,117.0645,81.3,82,100,3.24,PH,2022-05-12 20:34:58
490,Nemuro,43.3236,145.575,45.34,98,100,10.27,JP,2022-05-12 20:34:58
491,Clinton,42.587,-82.9199,88.27,29,29,10.65,US,2022-05-12 20:31:19
492,Touros,-5.1989,-35.4608,80.28,80,28,12.71,BR,2022-05-12 20:28:34
493,Gurupa,-1.405,-51.64,76.98,97,74,3.38,BR,2022-05-12 20:34:59
494,Champerico,14.3,-91.9167,93.74,63,3,9.13,GT,2022-05-12 20:31:21
495,Chapais,49.7834,-74.8492,67.78,53,100,4.41,CA,2022-05-12 20:35:00
496,Wajid,3.8093,43.2471,75.38,78,85,15.48,SO,2022-05-12 20:35:00
497,Son La,21.3167,103.9,69.51,97,75,1.32,VN,2022-05-12 20:35:01
498,Dawson Creek,55.7666,-120.2362,58.64,36,20,10.36,CA,2022-05-12 20:30:06
499,Hammerfest,70.6634,23.6821,32.45,100,75,8.05,NO,2022-05-12 20:35:01
500,Izhma,65.0083,53.9113,44.47,86,100,11.54,RU,2022-05-12 20:35:02
501,Palmer,42.1584,-72.3287,83.21,47,75,4.61,US,2022-05-12 20:35:02
502,Kirakira,-10.4544,161.9205,80.71,79,98,1.77,SB,2022-05-12 20:35:03
503,Severodvinsk,64.5635,39.8302,44.71,74,93,6.15,RU,2022-05-12 20:34:29
504,Verkhozim,52.7122,45.418,49.12,89,100,10.42,RU,2022-05-12 20:35:04
505,Perth,-31.9333,115.8333,59.79,95,20,5.75,AU,2022-05-12 20:31:10
506,Suarez,2.954,-76.6964,79.23,74,93,3.24,CO,2022-05-12 20:35:05
507,Anadyr,64.75,177.4833,36.1,69,0,13.42,RU,2022-05-12 20:35:05
508,Balarampur,23.1167,86.2167,81.01,73,5,12.26,IN,2022-05-12 20:35:06
509,College,64.8569,-147.8028,44.92,77,100,5.75,US,2022-05-12 20:35:06
510,Ca Mau,9.1769,105.15,79.32,87,96,3.69,VN,2022-05-12 20:35:07
511,Orchard Homes,46.8633,-114.0484,59.92,39,100,4.61,US,2022-05-12 20:35:08
512,Tayu,-6.5397,111.0518,78.28,88,90,5.19,ID,2022-05-12 20:35:08
513,Liverpool,53.4106,-2.9779,55.65,73,40,23.02,GB,2022-05-12 20:33:44
514,Fuerte Olimpo,-21.0415,-57.8738,76.68,36,0,3.96,PY,2022-05-12 20:35:09
515,Paita,-5.0892,-81.1144,70.41,74,24,16.62,PE,2022-05-12 20:35:09
516,San Andres,12.5847,-81.7006,86.02,70,75,11.5,CO,2022-05-12 20:35:10
517,Necochea,-38.5473,-58.7368,57.13,54,34,10.13,AR,2022-05-12 20:29:46
518,Lagos,6.5833,3.75,82.72,83,7,6.11,NG,2022-05-12 20:31:04
519,Mbaiki,3.8678,17.9892,74.17,74,5,1.39,CF,2022-05-12 20:35:11
520,Barmer,25.75,71.3833,86.14,41,0,15.9,IN,2022-05-12 20:35:12
521,Bani Walid,31.7566,13.9942,60.96,68,0,10.2,LY,2022-05-12 20:35:12
522,Snyder,32.7179,-100.9176,99.09,21,0,6.91,US,2022-05-12 20:35:13
523,Makakilo City,21.3469,-158.0858,80.92,56,40,14.97,US,2022-05-12 20:29:08
524,Perelyub,51.8667,50.3667,41.47,91,16,8.88,RU,2022-05-12 20:35:13
525,Bonthe,7.5264,-12.505,79.88,86,89,6.4,SL,2022-05-12 20:35:14
526,Alanya,36.5438,31.9998,62.73,68,7,5.32,TR,2022-05-12 20:35:15
527,Felanitx,39.4696,3.1483,66.72,88,17,4.9,ES,2022-05-12 20:35:15
528,Saint-Pierre,-21.3393,55.4781,71.91,73,75,6.91,RE,2022-05-12 20:27:55
529,Hervey Bay,-25.2986,152.8535,73.02,94,100,3.0,AU,2022-05-12 20:30:33
530,Ocotepec,17.2167,-93.15,75.31,47,16,11.01,MX,2022-05-12 20:35:16
531,Valparaiso,-33.0393,-71.6273,61.03,77,0,8.05,CL,2022-05-12 20:32:57
532,Makokou,0.5738,12.8642,72.63,89,10,2.46,GA,2022-05-12 20:35:17
533,Jalingo,8.8833,11.3667,85.77,55,41,5.21,NG,2022-05-12 20:35:18
534,Berlevag,70.8578,29.0864,37.35,75,20,20.71,NO,2022-05-12 20:30:00
535,Mongu,-15.2484,23.1274,64.85,46,3,2.35,ZM,2022-05-12 20:35:18
536,Rakiv Lis,51.6217,24.9243,51.48,89,12,5.57,UA,2022-05-12 20:35:19
537,Yerbogachen,61.2767,108.0108,41.76,92,45,4.41,RU,2022-05-12 20:31:44
538,Chuguyevka,44.1653,133.8633,47.84,60,100,1.43,RU,2022-05-12 20:35:20
539,Lavrentiya,65.5833,-171.0,30.45,80,8,7.72,RU,2022-05-12 20:30:35
540,Shingu,33.7333,135.9833,66.13,99,100,4.47,JP,2022-05-12 20:27:53
541,Rognan,67.0953,15.3878,44.74,89,100,5.32,NO,2022-05-12 20:35:21
